Data,Ultimo,Abertura,Maxima,Minima,Vol.,Var%
30102023,2004.9,2012.55,2016.7,2000.4,,-0.0039
29102023,2012.8,2015.9,2016.7,2007.35,,0.012
27102023,1989,1987.5,2009.8,1978.5,0.37K,0.0006
26102023,1987.9,1981.6,1992.5,1974.4,0.20K,0.0012
25102023,1985.5,1972,1988.8,1971,0.16K,0.0044
24102023,1976.8,1975.1,1980.3,1958.3,1.23K,-0.0007
23102023,1978.2,1977.9,1983.1,1963.6,0.45K,-0.0081
20102023,1994.4,1988,2009.2,1983.7,,0.007
19102023,1980.5,1960.1,1990.2,1957,264.82K,0.0062
18102023,1968.3,1936.7,1975.8,1935.9,270.05K,0.0168
17102023,1935.7,1933.3,1944.5,1924.6,165.06K,0.0007
16102023,1934.3,1941.3,1943,1921.2,182.82K,-0.0037
13102023,1941.5,1881.7,1946.2,1881.5,312.99K,0.0311
12102023,1883,1888.1,1898.3,1880.6,163.48K,-0.0023
11102023,1887.3,1873.7,1890.9,1871.7,169.96K,0.0064
10102023,1875.3,1875.4,1879.1,1866.1,157.34K,0.0059
9102023,1864.3,1861,1877.3,1857.5,187.80K,0.0104
6102023,1845.2,1834.3,1849,1823.5,231.02K,0.0073
5102023,1831.8,1837.6,1843.5,1826.2,172.46K,-0.0016
4102023,1834.8,1838.7,1846.8,1831.6,195.05K,-0.0036
3102023,1841.5,1844.9,1849.3,1830.9,216.78K,-0.0031
2102023,1847.2,1864.4,1864.7,1842.7,202.15K,-0.0101
29092023,1866.1,1882.3,1896.7,1862.3,245.13K,-0.0067
28092023,1878.6,1893.3,1896.8,1874.5,231.42K,-0.0065
27092023,1890.9,1918.8,1921.7,1890.3,238.53K,-0.0151
26092023,1919.8,1935.1,1935.5,1917.2,212.26K,-0.0087
25092023,1936.6,1944.7,1946.8,1933.8,164.26K,-0.0046
22092023,1945.6,1939.6,1949.1,1939.6,139.93K,0.0031
21092023,1939.6,1952,1952.2,1933.1,225.91K,-0.014
20092023,1967.1,1953,1968.9,1948.6,220.98K,0.0069
19092023,1953.7,1955.3,1958.9,1950.9,131.10K,0.0002
18092023,1953.4,1945.7,1955.7,1943.8,138.03K,0.0037
15092023,1946.2,1932.5,1952.4,1931.2,199.77K,0.0069
14092023,1932.8,1930.7,1934.5,1921.7,201.74K,0.0002
13092023,1932.5,1935.2,1938.4,1927.2,161.00K,-0.0013
12092023,1935.1,1945.6,1947.5,1929.9,161.99K,-0.0062
11092023,1947.2,1943.3,1954.6,1939.5,131.08K,0.0023
8092023,1942.7,1943.8,1954,1940.8,138.69K,0.0001
7092023,1942.5,1942.2,1947.9,1940.3,117.17K,-0.0009
6092023,1944.2,1951.5,1954.5,1940,148.78K,-0.0043
5092023,1952.6,1966.7,1972.6,1950.6,192.79K,-0.0054
4092023,1963.25,1966.6,1972.55,1962.55,,-0.0017
3092023,1966.65,1966.4,1967.05,1965.5,,-0.0002
1092023,1967.1,1966.4,1980.2,1960.7,160.73K,0.0006
31082023,1965.9,1970.2,1974.9,1965.5,133.71K,-0.0036
30082023,1973,1966,1977.1,1962.8,142.38K,0.004
29082023,1965.1,1948.1,1966.5,1941.7,174.22K,0.0094
28082023,1946.8,1944,1954.2,1940.1,115.55K,0.0036
25082023,1939.9,1944.9,1950.4,1931,166.99K,-0.0037
24082023,1947.1,1944.9,1951.3,1939.2,137.39K,-0.0005
23082023,1948.1,1926.8,1949.7,1926.2,170.04K,0.0115
22082023,1926,1924,1933.2,1917.5,131.09K,0.0016
21082023,1923,1918.4,1927.9,1913.6,138.11K,0.0034
18082023,1916.5,1919.2,1926,1915.9,114.74K,0.0007
17082023,1915.2,1922.4,1933.5,1914.2,152.33K,-0.0068
16082023,1928.3,1933.1,1938.2,1922,128.61K,-0.0036
15082023,1935.2,1939.4,1944.3,1927.5,167.15K,-0.0045
14082023,1944,1945.6,1948.2,1934.2,120.98K,-0.0013
11082023,1946.6,1944.9,1953.6,1942.7,122.32K,-0.0012
10082023,1948.9,1947.7,1963.5,1944.4,168.26K,-0.0009
9082023,1950.6,1959.3,1966.1,1947.2,139.26K,-0.0047
8082023,1959.9,1971.5,1972.8,1956.5,142.34K,-0.0051
7082023,1970,1977.6,1981.7,1966.1,104.41K,-0.0031
4082023,1976.1,1969.6,1984.2,1954.5,156.42K,0.0037
3082023,1968.8,1970.8,1974.5,1964.5,141.35K,-0.0031
2082023,1975,1988.9,1992.2,1969.1,169.66K,-0.0019
1082023,1978.8,2004.2,2004.4,1978.3,167.76K,-0.0151
31072023,2009.2,1997.9,2010.9,1986.7,139.96K,0.0047
28072023,1999.9,1985.3,2002,1983.9,159.60K,0.0176
27072023,1965.3,1991.8,2002,1961.4,16.91K,-0.0123
26072023,1989.7,1985.9,1999.3,1982.8,11.94K,0.0033
25072023,1983.1,1976.1,1986.2,1971.1,8.63K,0.0008
24072023,1981.6,1983.2,1988.7,1974.7,6.44K,0.0076
21072023,1966.6,1972.1,1975.9,1958.8,156.54K,-0.0022
20072023,1970.9,1980,1989.8,1967.7,189.93K,-0.005
19072023,1980.8,1982.5,1984.6,1973.3,159.41K,0
18072023,1980.8,1958.3,1988.3,1958.1,264.09K,0.0125
17072023,1956.4,1958.6,1963.6,1949,165.83K,-0.0041
14072023,1964.4,1965.2,1967.8,1954.7,209.31K,0.0003
13072023,1963.8,1962.7,1968.5,1956.6,241.22K,0.0011
12072023,1961.7,1938,1965.1,1937.5,270.87K,0.0127
11072023,1937.1,1930.8,1944.5,1929.8,189.37K,0.0032
10072023,1931,1930.7,1933.7,1918,208.09K,-0.0008
7072023,1932.5,1916.6,1941.1,1915.4,214.27K,0.0089
6072023,1915.4,1922.4,1934,1908.5,231.51K,-0.0061
5072023,1927.1,1929.1,1942.9,1922.1,245.93K,-0.0035
4072023,1933.95,1928.85,1938.05,1927.75,,0.0023
3072023,1929.5,1927.8,1939.9,1917.7,152.96K,0.0001
30062023,1929.4,1916.4,1930.8,1908.1,180.69K,0.006
29062023,1917.9,1916.5,1921.3,1900.6,205.25K,0.0024
28062023,1913.4,1915.2,1916.7,1903.6,0.63K,-0.0009
27062023,1915.1,1927.4,1930.2,1912.3,0.23K,-0.0052
26062023,1925.1,1926.4,1934.5,1923,0.77K,0.0021
23062023,1921,1915,1939.3,1911.3,0.75K,0.0031
22062023,1915,1935.9,1935.9,1914,0.37K,-0.0109
21062023,1936.1,1939.5,1940.7,1922.2,0.81K,-0.0014
20062023,1938.9,1961.7,1961.7,1932.4,0.74K,-0.0128
19062023,1964.05,1969.55,1970.85,1959.9,,-0.0027
18062023,1969.45,1970.85,1971.7,1968.65,,0.0037
16062023,1962.2,1961.3,1970.6,1956.7,0.62K,0.0002
15062023,1961.8,1948.8,1963.7,1929.6,0.82K,-0.0036
14062023,1968.9,1957.2,1973.9,1952.5,199.71K,0.0053
13062023,1958.6,1971.4,1985.9,1953,198.40K,-0.0056
12062023,1969.7,1975.6,1981.4,1963.1,122.54K,-0.0038
9062023,1977.2,1980.5,1987.8,1971,130.41K,-0.0007
8062023,1978.6,1956.2,1985.7,1955.2,191.84K,0.0103
7062023,1958.4,1980,1986.5,1955.4,189.53K,-0.0117
6062023,1981.5,1978,1982.9,1970.3,136.00K,0.0036
5062023,1974.3,1962.3,1980.4,1953.8,179.99K,0.0024
2062023,1969.6,1994.6,2000.5,1963.7,209.69K,-0.013
1062023,1995.5,1981.3,2000.7,1970.1,176.91K,0.0068
31052023,1982.1,1977.5,1993.1,1971.8,207.75K,0.0025
30052023,1977.1,1961.3,1981.9,1949.6,264.37K,0.0089
29052023,1959.75,1961.45,1968.15,1958.1,,-0.0009
28052023,1961.5,1964.55,1964.55,1960.05,,-0.0008
26052023,1963.1,1961.8,1975.7,1954.7,130.07K,0.0103
25052023,1943.1,1959.5,1965.4,1939,0.00K,-0.01
24052023,1962.8,1975.4,1975.4,1969.2,0.19K,-0.0049
23052023,1972.4,1973.9,1980,1955.8,0.00K,-0.0012
22052023,1974.8,1980.5,1980.5,1980.5,0.01K,-0.002
19052023,1978.7,1960,1976.7,1960,0.11K,0.0113
18052023,1956.5,1956.8,1956.8,1956.8,0.02K,-0.0122
17052023,1980.7,1983.6,1983.6,1983.6,0.01K,-0.0039
16052023,1988.4,2021.3,2022.7,1989.1,0.05K,-0.0147
15052023,2018,2013.8,2017.1,2013.8,0.00K,-0.0009
12052023,2019.8,2020.5,2027.8,2005.7,220.50K,-0.0003
11052023,2020.5,2036.8,2047.6,2016.7,296.98K,-0.0081
10052023,2037.1,2041.6,2056,2028.3,260.81K,-0.0028
9052023,2042.9,2028.4,2045.1,2026.4,199.70K,0.0048
8052023,2033.2,2024.6,2037.1,2022,182.21K,0.0041
5052023,2024.8,2058,2061.3,2007,283.30K,-0.015
4052023,2055.7,2054.7,2085.4,2038.5,311.00K,0.0092
3052023,2037,2026.4,2050,2016,229.67K,0.0068
2052023,2023.3,1990.5,2028.8,1986.9,245.64K,0.0156
1052023,1992.2,2000.2,2015.4,1985.7,173.02K,-0.0035
28042023,1999.1,1997.2,2004.1,1984.4,172.45K,0.0001
27042023,1999,1999.8,2013.3,1982,203.90K,0.0061
26042023,1986.9,2000,2009.8,1986.6,0.62K,-0.0041
25042023,1995.1,1995.4,2005,1979.3,0.85K,0.0023
24042023,1990.6,1983.2,1991,1975.3,0.54K,0.0047
21042023,1981.3,2005.1,2007,1973,0.62K,-0.0142
20042023,2009.8,1996.5,2014.5,1994.2,0.42K,0.0059
19042023,1998,2008.5,2009.7,1971.9,0.92K,-0.0061
18042023,2010.3,1997.1,2013.4,1994.5,0.22K,0.0081
17042023,1994.2,2002.7,2007.6,1983.2,0.55K,-0.004
14042023,2002.2,2041,2047.8,1995,0.72K,-0.0192
13042023,2041.3,2015.6,2048.6,2015.6,1.04K,0.0151
12042023,2010.9,2005.2,2025.7,2005.2,0.17K,0.003
11042023,2004.8,1991.4,2006.5,1991.4,0.07K,0.0079
10042023,1989.1,2000,2006.6,1984,0.65K,-0.0113
6042023,2011.9,2022.2,2023.3,2005,0.49K,-0.0045
5042023,2020.9,2022.1,2033.8,2013.6,0.53K,-0.0006
4042023,2022.2,1984.6,2027.1,1979,0.81K,0.0193
3042023,1983.9,1968.1,1991.7,1950,0.74K,0.0076
31032023,1969,1981.3,1986.8,1968,0.96K,-0.0057
30032023,1980.3,1965.9,1984.4,1954.9,10.12K,0.0068
29032023,1966.9,1975.4,1976,1959.5,88.56K,-0.0033
28032023,1973.5,1957.8,1977.1,1949.9,183.58K,0.001
27032023,1971.5,2000.3,2001.5,1962.7,107.04K,-0.0151
24032023,2001.7,2013.3,2023.9,1995.7,118.69K,-0.0058
23032023,2013.3,1992.5,2023.3,1984.4,74.55K,0.0237
22032023,1966.6,1959.7,1999.4,1953.7,60.53K,0.0042
21032023,1958.3,2000.7,2005.7,1955.9,65.17K,-0.0207
20032023,1999.7,2008.6,2031.7,1987,69.06K,0.0048
17032023,1990.2,1942.7,2010.4,1939.1,67.46K,0.026
16032023,1939.7,1940.2,1954.6,1928.4,34.77K,-0.0043
15032023,1948.1,1924.5,1959.1,1906,84.73K,0.0195
14032023,1910.9,1919.4,1919.4,1899.8,261.28K,-0.0029
13032023,1916.5,1877.1,1919.5,1875.7,452.33K,0.0264
10032023,1867.2,1835.1,1874.3,1830,345.81K,0.0178
9032023,1834.6,1818,1839.4,1815.4,228.47K,0.0088
8032023,1818.6,1818,1828.7,1813.4,208.29K,-0.0008
7032023,1820,1852.6,1856.9,1817.1,248.23K,-0.0187
6032023,1854.6,1861,1864.3,1850.6,136.22K,0
3032023,1854.6,1842.1,1864.4,1842,158.96K,0.0077
2032023,1840.5,1843.8,1845.3,1835.9,139.76K,-0.0027
1032023,1845.4,1834,1852.5,1829.6,182.58K,0.0047
28022023,1836.7,1823.9,1838.6,1810.8,184.51K,0.0065
27022023,1824.9,1818,1827.3,1812,130.43K,0.0087
24022023,1809.2,1825.2,1827.1,1808.8,0.40K,-0.0053
23022023,1818.8,1823.6,1832.7,1818.3,0.65K,-0.0079
22022023,1833.3,1837,1846.4,1825.1,0.57K,-0.005
21022023,1842.5,1850.5,1856.4,1839,210.17K,-0.0043
20022023,1850.5,1847.55,1856.35,1846.3,,0.0015
19022023,1847.75,1851.2,1852.15,1847.55,,0.004
17022023,1840.4,1827.4,1842.2,1818.4,0.04K,-0.0009
16022023,1842,1838.6,1843.7,1827.2,0.22K,0.0043
15022023,1834.2,1842,1842,1828.2,0.37K,-0.0107
14022023,1854,1854.1,1862,1846.2,0.66K,0.0011
13022023,1851.9,1859,1861,1850,0.57K,-0.0059
10022023,1862.8,1861.6,1863.5,1852.4,0.03K,-0.0018
9022023,1866.2,1875.3,1884.6,1859.8,0.22K,-0.006
8022023,1877.4,1872.1,1880.4,1872.1,0.23K,0.003
7022023,1871.7,1870,1875.7,1868,0.30K,0.0029
6022023,1866.2,1865.6,1880,1863.4,0.42K,0.0018
3022023,1862.9,1912.4,1917,1861.5,0.99K,-0.0279
2022023,1916.3,1952.3,1959.1,1911.3,0.75K,-0.006
1022023,1927.8,1927.2,1955,1922,2.29K,-0.0009
31012023,1929.5,1923,1930.4,1900.6,1.91K,0.0034
30012023,1922.9,1928.3,1933.6,1920.3,27.22K,-0.0071
27012023,1936.6,1936.8,1943,1923.7,2.33K,-0.0005
26012023,1937.6,1955.3,1957,1926.5,2.10K,-0.0065
25012023,1950.3,1946,1956,1928.7,1.27K,0.0037
24012023,1943.1,1940.5,1950.6,1926.3,1.08K,0.0036
23012023,1936.2,1936.1,1943.7,1920.1,0.97K,0.0041
20012023,1928.2,1933.7,1939,1922,165.27K,0.0022
19012023,1923.9,1907,1936.9,1902,214.25K,0.0089
18012023,1907,1911.1,1929.8,1898.6,218.97K,-0.0001
17012023,1907.2,1920.1,1920.1,1905.2,0.71K,-0.0014
16012023,1909.9,1923.8,1931.8,1906.2,268.37K,-0.0052
15012023,1919.9,1923.25,1923.6,1919.85,,-0.0009
13012023,1921.7,1898.8,1925.3,1895.1,247.88K,0.0121
12012023,1898.8,1879.7,1906.5,1872.4,265.17K,0.0106
11012023,1878.9,1881.3,1890.9,1870.9,222.25K,0.0013
10012023,1876.5,1875.7,1885.2,1872,170.51K,-0.0007
9012023,1877.8,1872.8,1886.4,1869.3,204.55K,0.0043
6012023,1869.7,1835.9,1875.2,1835.2,215.37K,0.0158
5012023,1840.6,1861.2,1864.3,1829.9,188.60K,-0.0099
4012023,1859,1845.2,1871.3,1842,198.35K,0.007
3012023,1846.1,1831.8,1856.6,1831.3,212.27K,0.0056
2012023,1835.8,1834.55,1837.9,1831.4,,0.0053
30122022,1826.2,1821.8,1832.4,1819.8,107.50K,0.0001
29122022,1826,1812.3,1827.3,1811.2,105.99K,0.0056
28122022,1815.8,1822.4,1822.8,1804.2,118.08K,-0.004
27122022,1823.1,1808.2,1841.9,1808,159.62K,0.0074
26122022,1809.7,1805.8,1811.95,1805.55,,0.003
23122022,1804.2,1801,1812.2,1798.9,105.46K,0.005
22122022,1795.3,1823.8,1829.3,1792.7,175.77K,-0.0165
21122022,1825.4,1827.9,1833.8,1821.3,110.18K,0
20122022,1825.4,1796.8,1832.4,1793.7,197.50K,0.0154
19122022,1797.7,1801.6,1808.6,1793.2,86.09K,-0.0014
16122022,1800.2,1786.9,1804.2,1783.9,128.75K,0.0069
15122022,1787.8,1818.7,1819.7,1782,185.32K,-0.017
14122022,1818.7,1822.6,1825.4,1806.2,143.80K,-0.0037
13122022,1825.5,1792.3,1836.9,1791.8,230.91K,0.0185
12122022,1792.3,1808,1809.3,1789,107.78K,-0.0102
9122022,1810.7,1801.9,1819,1800.1,150.94K,0.0051
8122022,1801.5,1799.5,1806.9,1793.2,116.27K,0.0019
7122022,1798,1783.3,1803.2,1780.5,155.57K,0.0088
6122022,1782.4,1780.8,1793.2,1779.1,127.86K,0.0006
5122022,1781.3,1810.5,1822.9,1778.1,179.82K,-0.0156
2122022,1809.6,1817,1818.7,1791.8,183.72K,-0.0031
1122022,1815.2,1783.1,1818.4,1782.9,226.15K,0.0314
30112022,1759.9,1763.4,1784.2,1758.2,192.24K,-0.0022
29112022,1763.7,1754.6,1773.4,1752.9,127.32K,0.0134
28112022,1740.3,1755,1763.5,1738.2,132.77K,-0.0078
25112022,1754,1751,1761.2,1745.9,134.30K,0
24112022,1754,1751,1761.2,1745.9,134.30K,0.0048
23112022,1745.6,1740.8,1754.9,1719,167.77K,0.0033
22112022,1739.9,1739.7,1751,1737.6,153.09K,0.0002
21112022,1739.6,1752,1755,1733.9,166.08K,-0.0084
18112022,1754.4,1763.1,1769.9,1749.2,137.33K,-0.0049
17112022,1763,1777,1777.6,1756.6,169.10K,-0.0072
16112022,1775.8,1782,1788.2,1773.4,200.76K,-0.0006
15112022,1776.8,1774,1791.8,1770.2,283.02K,-0.0001
14112022,1776.9,1769.4,1778.4,1755.8,191.35K,0.0042
11112022,1769.4,1758.3,1775.6,1750.3,227.04K,0.009
10112022,1753.7,1709.7,1760.6,1705.5,305.72K,0.0233
9112022,1713.7,1715.2,1725.8,1705.1,239.65K,-0.0013
8112022,1716,1678,1720.4,1667.1,297.62K,0.0211
7112022,1680.5,1678.6,1685.6,1670,187.59K,0.0023
4112022,1676.6,1631.7,1686.4,1631.1,293.52K,0.028
3112022,1630.9,1639.1,1643.2,1618.3,254.70K,-0.0116
2112022,1650,1651.4,1673.1,1637.4,220.93K,0.0002
1112022,1649.7,1636.1,1660.3,1633.6,197.98K,0.0055
31102022,1640.7,1647.2,1648.5,1634.5,128.41K,-0.0025
28102022,1644.8,1667.2,1670.9,1640.7,196.36K,-0.0125
27102022,1665.6,1668.8,1674.8,1658.5,189.29K,-0.0022
26102022,1669.2,1657.7,1679.4,1653.8,186.93K,0.0068
25102022,1658,1654.5,1666.8,1641.2,182.80K,0.0024
24102022,1654.1,1662.9,1675.5,1648,171.02K,-0.0013
21102022,1656.3,1632.4,1663.1,1621.1,271.10K,0.0119
20102022,1636.8,1634.6,1650.3,1626.3,163.73K,0.0016
19102022,1634.2,1657.2,1659.8,1632.2,179.25K,-0.013
18102022,1655.8,1655.9,1666,1650.6,163.17K,-0.0049
17102022,1664,1649.9,1674.3,1649.1,148.89K,0.0092
14102022,1648.9,1672.8,1677.8,1645.6,183.17K,-0.0168
13102022,1677,1680.2,1688.9,1648.3,237.01K,-0.0003
12102022,1677.5,1673.4,1685.1,1668,131.77K,-0.005
11102022,1686,1675.6,1691.3,1667.5,171.81K,0.0064
10102022,1675.2,1703.4,1707.4,1672.5,157.15K,-0.0199
7102022,1709.3,1721,1722.8,1698.4,157.45K,-0.0067
6102022,1720.8,1725.5,1734.2,1714.8,139.44K,0
5102022,1720.8,1734.4,1736.6,1708.8,173.22K,-0.0056
4102022,1730.5,1708.4,1738.7,1704,205.08K,0.0167
3102022,1702,1670.5,1710.4,1666.5,215.49K,0.0179
30092022,1672,1669.5,1684.4,1667.5,179.99K,0.002
29092022,1668.6,1669,1673.1,1649.3,201.96K,-0.0008
28092022,1670,1636.5,1671.6,1622.2,279.82K,0.0207
27092022,1636.2,1629.2,1650.1,1628.7,197.06K,0.0017
26092022,1633.4,1651,1657.2,1627.7,219.86K,-0.0134
23092022,1655.6,1680.1,1685,1646.6,243.05K,-0.0152
22092022,1681.1,1682.8,1693.5,1663.3,241.28K,0.0032
21092022,1675.7,1673.2,1696.9,1661.3,227.94K,0.0028
20092022,1671.1,1684.9,1688.8,1668.1,143.93K,-0.0042
19092022,1678.2,1685.4,1688.8,1667.6,141.17K,-0.0031
16092022,1683.5,1673.7,1689.9,1661.9,217.23K,0.0037
15092022,1677.3,1707.2,1707.8,1668.9,268.09K,-0.0186
14092022,1709.1,1711.6,1717.3,1703.3,163.29K,-0.0048
13092022,1717.4,1736,1742.9,1706.7,232.70K,-0.0133
12092022,1740.6,1728.4,1746.4,1722.3,154.37K,0.0069
9092022,1728.6,1719.6,1740.5,1719.4,154.71K,0.0049
8092022,1720.2,1729.5,1739.4,1713.7,184.18K,-0.0044
7092022,1727.8,1712.9,1731.2,1701.7,173.62K,0.0117
6092022,1707.9,1719.7,1719.7,1714.2,0.02K,-0.0029
5092022,1712.9,1724.2,1737.4,1710.6,206.27K,-0.0033
4092022,1718.65,1723.6,1723.75,1718.65,,-0.0023
2092022,1722.6,1707.8,1729.5,1705.9,174.68K,0.0078
1092022,1709.3,1723,1723,1699.1,198.62K,-0.0098
31082022,1726.2,1735.5,1738,1720.6,176.73K,-0.0058
30082022,1736.3,1749.8,1752.8,1732.9,130.66K,-0.0077
29082022,1749.7,1748.4,1757.9,1731.4,156.22K,-0.0001
26082022,1749.8,1771.8,1772.3,1746.2,176.90K,-0.0122
25082022,1771.4,1764.4,1778.8,1763,117.57K,0.0056
24082022,1761.5,1761.3,1769.5,1754.8,112.65K,0.0002
23082022,1761.2,1750,1767.5,1743.1,145.26K,0.0073
22082022,1748.4,1760.6,1762.1,1740.2,142.86K,-0.0082
19082022,1762.9,1773.1,1773.3,1759.1,138.70K,-0.0047
18082022,1771.2,1777.1,1786.3,1768.8,124.32K,-0.0031
17082022,1776.7,1790.8,1796.6,1773.9,137.83K,-0.0073
16082022,1789.7,1795.5,1798,1785.4,94.40K,-0.0047
15082022,1798.1,1818.9,1818.9,1787.6,137.77K,-0.0096
12082022,1815.5,1805.2,1819.1,1799.6,118.65K,0.0046
11082022,1807.2,1807.9,1814.9,1798.6,121.26K,-0.0036
10082022,1813.7,1811.5,1824.6,1803.3,154.59K,0.0008
9082022,1812.3,1805.5,1817,1799.4,120.51K,0.0039
8082022,1805.2,1790.3,1806.4,1786.9,103.68K,0.0078
5082022,1791.2,1807.7,1811.6,1780.2,168.90K,-0.0087
4082022,1806.9,1782.1,1812,1779.4,153.29K,0.0172
3082022,1776.4,1777.3,1789.4,1770,151.73K,-0.0074
2082022,1789.7,1789.2,1805,1776,174.17K,0.0011
1082022,1787.7,1782.5,1792.5,1774.3,133.74K,0.0033
29072022,1781.8,1773.1,1784.6,1768.4,136.89K,0.0071
28072022,1769.2,1751.4,1774.4,1750.4,192.86K,0.0291
27072022,1719.1,1715.2,1739.6,1709.1,144.87K,0.0008
26072022,1717.7,1717.9,1726.4,1711.5,147.37K,-0.0008
25072022,1719.1,1726.3,1734.6,1712.9,160.72K,-0.0048
22072022,1727.4,1717.2,1738.3,1711.7,200.62K,0.0082
21072022,1713.4,1693.7,1719.5,1678.4,248.88K,0.0078
20072022,1700.2,1709.5,1712.7,1690.1,174.47K,-0.0061
19072022,1710.7,1707.2,1716.5,1702.6,131.77K,0.0003
18072022,1710.2,1706.4,1722,1704.4,157.54K,0.0039
15072022,1703.6,1708.2,1714.2,1696.6,176.80K,-0.0013
14072022,1705.8,1733.6,1734.8,1695,266.35K,-0.0171
13072022,1735.5,1723.6,1744.3,1704.5,300.55K,0.0062
12072022,1724.8,1731.3,1742.2,1721.6,255.17K,-0.004
11072022,1731.7,1741.5,1743,1729,171.90K,-0.0061
8072022,1742.3,1738.7,1751.7,1726,189.18K,0.0015
7072022,1739.7,1737.2,1748.2,1734.7,151.26K,0.0018
6072022,1736.5,1764.2,1771.5,1730.7,258.82K,-0.0183
5072022,1768.9,1817,1817,1768.9,1.33K,0.0028
4072022,1763.9,1814.4,1815.2,1763,310.37K,-0.0209
1072022,1801.5,1808.1,1813.6,1783.4,249.49K,-0.0032
30062022,1807.3,1819.2,1826.8,1802.5,208.90K,-0.0056
29062022,1817.5,1821.4,1834.9,1810.7,155.54K,-0.002
28062022,1821.2,1823.6,1830.9,1819.1,111.40K,-0.002
27062022,1824.8,1839.6,1842.8,1821.8,143.82K,-0.003
24062022,1830.3,1824.2,1833.7,1817.7,139.72K,0.0003
23062022,1829.8,1839.7,1848.9,1823.5,167.07K,-0.0047
22062022,1838.4,1834.9,1850.3,1824.5,149.55K,-0.0002
21062022,1838.8,1840.6,1848.4,1830.7,176.30K,0
20062022,1838.8,1840.6,1848.4,1830.7,176.30K,-0.001
17062022,1840.6,1859.3,1861.5,1836.1,141.72K,-0.005
16062022,1849.9,1835.8,1860.2,1816.3,180.89K,0.0167
15062022,1819.6,1809.7,1845.4,1808.4,203.42K,0.0034
14062022,1813.5,1820.9,1833.3,1806.1,165.15K,-0.01
13062022,1831.8,1879,1882.5,1819,252.54K,-0.0233
10062022,1875.5,1850.4,1879.6,1826.5,267.20K,0.0123
9062022,1852.8,1855.1,1857.8,1841.9,131.29K,-0.002
8062022,1856.5,1855,1862.4,1846.6,114.14K,0.0024
7062022,1852.1,1843.5,1858.2,1838.5,119.21K,0.0046
6062022,1843.7,1853.7,1861.2,1843,103.18K,-0.0035
3062022,1850.2,1872.6,1878.6,1849.7,115.34K,-0.0113
2062022,1871.4,1849.9,1874.4,1846.5,127.47K,0.0123
1062022,1848.7,1840,1853,1830.2,158.04K,0.0002
31052022,1848.4,1856.5,1867.9,1837.6,201.80K,0
30052022,1848.4,1856.5,1867.9,1837.6,201.80K,-0.0048
27052022,1857.3,1855.1,1866.9,1851.9,123.76K,0.0053
26052022,1847.6,1851.8,1852.8,1836.3,123.36K,0.0007
25052022,1846.3,1865.4,1866.7,1838.7,182.82K,-0.0102
24052022,1865.4,1852.3,1869.1,1847.6,174.76K,0.0095
23052022,1847.8,1844.4,1864.3,1843.3,163.27K,0.0031
20052022,1842.1,1839.6,1847.8,1830.6,143.05K,0.0005
19052022,1841.2,1815.1,1848.2,1808.4,175.24K,0.0139
18052022,1815.9,1813.2,1822.9,1805,150.35K,-0.0016
17052022,1818.9,1823.9,1834.8,1811,137.29K,0.0027
16052022,1814,1809.4,1826,1785,159.49K,0.0032
13052022,1808.2,1821.4,1827.6,1797.2,179.48K,-0.009
12052022,1824.6,1852.3,1858.8,1820.1,255.61K,-0.0157
11052022,1853.7,1836.6,1857.8,1830.6,243.56K,0.0069
10052022,1841,1853.9,1864.7,1834.5,260.81K,-0.0095
9052022,1858.6,1883.7,1885.6,1851,218.82K,-0.0129
6052022,1882.8,1877.5,1894,1865,194.28K,0.0038
5052022,1875.7,1884.1,1910.7,1872.3,218.39K,0.0037
4052022,1868.8,1868.3,1892,1861.1,161.48K,-0.001
3052022,1870.6,1863.6,1878.4,1849.7,167.43K,0.0038
2052022,1863.6,1896.2,1900.4,1853.4,193.83K,-0.0252
29042022,1911.7,1895.8,1921.3,1893.5,177.14K,0.0108
28042022,1891.3,1886.8,1897.8,1870.9,170.91K,0.0014
27042022,1888.7,1907.4,1908.1,1881.6,178.20K,-0.0081
26042022,1904.1,1899.8,1912.2,1896.3,166.20K,0.0043
25042022,1896,1931.9,1935.5,1891.8,231.49K,-0.0198
22042022,1934.3,1953.1,1957.8,1928,176.68K,-0.0071
21042022,1948.2,1960,1960.1,1938,154.92K,-0.0038
20042022,1955.6,1952.7,1960.9,1941,139.51K,-0.0017
19042022,1959,1981.2,1985.1,1945.5,181.44K,-0.0138
18042022,1986.4,1978.5,2003,1974.4,138.13K,0.0058
14042022,1974.9,1981.6,1984,1962.7,139.42K,-0.0049
13042022,1984.7,1970.5,1985.8,1966.3,132.03K,0.0044
12042022,1976.1,1957.4,1982.7,1953,172.39K,0.0143
11042022,1948.2,1949.6,1974.6,1942.9,184.39K,0.0013
8042022,1945.6,1934.3,1952.2,1930.4,142.50K,0.004
7042022,1937.8,1928.1,1941.7,1923.3,122.81K,0.0076
6042022,1923.1,1927.6,1937.6,1916.2,153.97K,-0.0023
5042022,1927.5,1937.3,1948.9,1920.9,147.26K,-0.0034
4042022,1934,1927.1,1941.6,1918.2,108.44K,0.0054
1042022,1923.7,1942.4,1944.5,1921.4,135.15K,-0.0155
31032022,1954,1937.3,1955,1923,155.30K,0.0077
30032022,1939,1924,1943.4,1920.1,136.04K,0.014
29032022,1912.2,1922.4,1929.4,1888.3,128.05K,-0.0142
28032022,1939.8,1958.7,1959.8,1915.7,181.37K,-0.0074
25032022,1954.2,1957.8,1965.1,1942.6,147.90K,-0.0041
24032022,1962.2,1944.1,1967.2,1937.4,181.20K,0.0129
23032022,1937.3,1920.9,1948.8,1915.6,153.31K,0.0082
22032022,1921.5,1936.1,1939.5,1909.8,153.28K,-0.0041
21032022,1929.5,1922.4,1941.8,1917.2,146.41K,0.0001
18032022,1929.3,1943.9,1946.2,1918,150.88K,-0.0072
17032022,1943.2,1928.4,1951,1924,149.83K,0.0178
16032022,1909.2,1920.1,1930.1,1895.2,195.46K,-0.0106
15032022,1929.7,1953.7,1956.9,1908.1,220.37K,-0.0159
14032022,1960.8,1988.7,1994.8,1952,162.20K,-0.0122
11032022,1985,2000.3,2004,1960.6,262.09K,-0.0077
10032022,2000.4,1992.8,2015.1,1975,303.27K,0.0061
9032022,1988.2,2060.2,2068.5,1981,360.35K,-0.027
8032022,2043.3,2001,2078.8,1985.8,447.65K,0.0237
7032022,1995.9,1978.5,2007.5,1964.2,372.19K,0.0149
4032022,1966.6,1938.5,1974.9,1931.5,241.53K,0.0159
3032022,1935.9,1931.7,1944.6,1923.1,180.21K,0.0071
2032022,1922.3,1945.3,1951.4,1916,227.98K,-0.0111
1032022,1943.8,1908.4,1952.6,1903,224.00K,0.0227
28022022,1900.7,1921,1935.2,1892.2,249.27K,0.0069
25022022,1887.6,1906.5,1925,1884.4,229.78K,-0.0201
24022022,1926.3,1911.9,1976.5,1878.6,423.05K,0.0083
23022022,1910.4,1901.2,1912.9,1891.1,154.84K,0.0016
22022022,1907.4,1903.5,1918.3,1889.7,334.59K,0
21022022,1907.4,1903.5,1918.3,1889.7,334.59K,0.004
18022022,1899.8,1901.4,1905,1888,161.75K,-0.0012
17022022,1902,1872,1904,1869.7,268.55K,0.0163
16022022,1871.5,1855.5,1874.6,1851.8,141.49K,0.0082
15022022,1856.2,1873.8,1881.6,1845.4,214.88K,-0.0071
14022022,1869.4,1862.2,1876.5,1851.9,231.02K,0.0148
11022022,1842.1,1827,1867.4,1821.1,239.09K,0.0026
10022022,1837.4,1834,1843.3,1821.8,227.46K,0.0004
9022022,1836.6,1827,1837.1,1825.5,136.72K,0.0048
8022022,1827.9,1821.5,1829.9,1816,142.41K,0.0033
7022022,1821.8,1808,1824.6,1807.5,139.81K,0.0077
4022022,1807.8,1805.4,1815.8,1792.1,177.71K,0.0021
3022022,1804.1,1807.4,1809.5,1788.5,173.72K,-0.0034
2022022,1810.3,1800.8,1812,1794.6,123.02K,0.0049
1022022,1801.5,1798.9,1809.7,1796.2,128.88K,0.0028
31012022,1796.4,1792.8,1800.9,1785.8,139.42K,0.0055
28012022,1786.6,1799.6,1800.3,1780.6,217.15K,-0.0036
27012022,1793.1,1819,1821.4,1790.6,196.04K,-0.02
26012022,1829.7,1848,1850.2,1814.1,270.03K,-0.0123
25012022,1852.5,1843.6,1854.2,1834.4,197.80K,0.0059
24012022,1841.7,1835.2,1844.9,1829.3,244.33K,0.0054
21012022,1831.8,1840.6,1843.7,1828.4,225.25K,-0.0059
20012022,1842.6,1840.1,1848.5,1836.2,233.86K,-0.0003
19012022,1843.2,1812.9,1843.9,1809,318.49K,0.016
18012022,1814.1,1818.7,1824.2,1806.9,0.34K,0.0009
17012022,1812.4,1818.7,1822.9,1804.7,362.94K,-0.0023
14012022,1816.5,1822.1,1829.3,1814.2,174.94K,-0.0027
13012022,1821.4,1825.7,1828.3,1811.8,215.52K,-0.0032
12012022,1827.3,1821.3,1828.2,1814.4,192.98K,0.0048
11012022,1818.5,1801.3,1823.1,1799.7,184.15K,0.011
10012022,1798.8,1796.4,1802,1789.3,173.04K,0.0008
7012022,1797.4,1791,1798.4,1781.3,238.93K,0.0046
6012022,1789.2,1810.6,1811.6,1785.4,238.64K,-0.0197
5012022,1825.1,1815.2,1830.7,1808.2,173.34K,0.0058
4012022,1814.6,1801.1,1817.2,1798.1,167.71K,0.0081
3012022,1800.1,1830.1,1833,1798.2,168.31K,-0.0156
31122021,1828.6,1817,1831.4,1815.4,106.60K,0.008
30122021,1814.1,1805.6,1818.1,1796.2,113.43K,0.0046
29122021,1805.8,1806.6,1808,1789.1,138.69K,-0.0028
28122021,1810.9,1812.1,1821.6,1805.5,100.54K,0.0012
27122021,1808.8,1810.2,1814.6,1803.6,84.23K,-0.0016
23122021,1811.7,1805.6,1812,1799,104.84K,0.0053
22122021,1802.2,1789.4,1806.3,1785.8,110.41K,0.0075
21122021,1788.7,1791.4,1801.7,1785,134.15K,-0.0033
20122021,1794.6,1800.2,1804.6,1789,105.39K,-0.0057
17122021,1804.9,1801.5,1815.7,1796.5,156.61K,0.0037
16122021,1798.2,1777.9,1800.7,1775.7,167.78K,0.0191
15122021,1764.5,1771.9,1781.3,1753,161.10K,-0.0044
14122021,1772.3,1787.6,1789.8,1766.1,153.25K,-0.0089
13122021,1788.3,1784.2,1792.8,1782.2,106.06K,0.002
10122021,1784.8,1776.3,1791,1770.4,142.00K,0.0046
9122021,1776.7,1784.3,1788.4,1773.3,123.97K,-0.0049
8122021,1785.5,1785.1,1794.3,1780.1,109.69K,0.0004
7122021,1784.7,1779.5,1789.3,1772.4,129.89K,0.0029
6122021,1779.5,1787.7,1789,1776.4,104.48K,-0.0025
3122021,1783.9,1769.4,1788,1766,175.18K,0.012
2122021,1762.7,1783.8,1785.2,1762.2,172.72K,-0.0121
1122021,1784.3,1777.4,1795.7,1773.7,180.34K,0.0044
30112021,1776.5,1786.9,1811.4,1771.2,242.86K,-0.0049
29112021,1785.2,1795.2,1801.5,1782,151.37K,-0.001
26112021,1786.9,1788.4,1817.7,1780.5,2.97K,-0.0007
25112021,1788.1,1792.3,1819.3,1781.6,180.64K,0.0021
24112021,1784.3,1789.8,1796.2,1777.4,203.24K,0.0003
23112021,1783.8,1807.1,1812.5,1781.7,311.35K,-0.0125
22112021,1806.3,1848.3,1850.4,1802.4,352.86K,-0.0245
19112021,1851.6,1860.8,1868.1,1844.2,234.08K,-0.0053
18112021,1861.4,1869.5,1873.3,1856.6,186.06K,-0.0047
17112021,1870.2,1851.6,1870.6,1851.1,172.42K,0.0087
16112021,1854.1,1864.9,1879.5,1851,220.43K,-0.0067
15112021,1866.6,1872.6,1873,1858.5,221.21K,-0.001
12112021,1868.5,1864.3,1871.4,1847.5,201.36K,0.0025
11112021,1863.9,1851.5,1868.7,1845.1,205.31K,0.0084
10112021,1848.3,1834.5,1870.6,1823,352.79K,0.0096
9112021,1830.8,1826.9,1834.8,1821,224.41K,0.0015
8112021,1828,1820.6,1828.3,1813.8,200.41K,0.0062
5112021,1816.8,1792.6,1820.1,1785.3,299.62K,0.013
4112021,1793.5,1769.9,1800.3,1769.3,222.61K,0.0168
3112021,1763.9,1789.2,1789.3,1758.5,257.43K,-0.0143
2112021,1789.4,1794.8,1797.8,1787.4,145.79K,-0.0036
1112021,1795.8,1785.3,1797.5,1780.2,143.33K,0.0067
29102021,1783.9,1801.5,1802.9,1772.4,254.51K,-0.0104
28102021,1802.6,1798.7,1812.7,1793.1,220.88K,0.0021
27102021,1798.8,1795,1801,1784.3,182.80K,0.003
26102021,1793.4,1808.7,1809.8,1783,197.93K,-0.0074
25102021,1806.8,1794.2,1811.5,1793,153.59K,0.0058
22102021,1796.3,1783.7,1815.5,1783.4,312.81K,0.0081
21102021,1781.9,1782.5,1790.3,1776.8,138.73K,-0.0017
20102021,1784.9,1769.4,1789.6,1767.1,174.08K,0.0081
19102021,1770.5,1764.8,1786,1763.4,166.97K,0.0027
18102021,1765.7,1767.5,1772.5,1760.3,152.74K,-0.0015
15102021,1768.3,1797.3,1797.7,1765.1,202.63K,-0.0165
14102021,1797.9,1793.6,1801.9,1787.6,164.65K,0.0018
13102021,1794.7,1760.4,1797.4,1757.9,299.04K,0.0201
12102021,1759.3,1753.6,1770,1750.5,168.11K,0.0021
11102021,1755.7,1757.4,1761.1,1749.9,114.77K,-0.001
8102021,1757.4,1757,1782.4,1753.6,240.37K,-0.001
7102021,1759.2,1763.8,1767.7,1752,146.41K,-0.0015
6102021,1761.8,1760.5,1765.9,1745.4,159.22K,0.0005
5102021,1760.9,1770.8,1771.1,1748.6,151.42K,-0.0038
4102021,1767.6,1762.6,1771.5,1747.7,166.18K,0.0052
1102021,1758.4,1757.2,1765.2,1749.9,151.20K,0.0008
30092021,1757,1726,1765,1721.8,246.37K,0.0198
29092021,1722.9,1734,1746,1721.1,177.39K,-0.0084
28092021,1737.5,1750,1754.3,1727.8,215.84K,-0.0083
27092021,1752,1751.8,1760.9,1744.7,137.57K,0.0002
24092021,1751.7,1743.7,1758,1740.2,151.55K,0.0011
23092021,1749.8,1769.2,1777.1,1737.5,225.46K,-0.0163
22092021,1778.8,1775,1788.4,1764.6,172.35K,0.0003
21092021,1778.2,1765.5,1782.8,1758.3,141.62K,0.0082
20092021,1763.8,1754.2,1768.4,1742.3,152.45K,0.0071
17092021,1751.4,1754.6,1767.8,1747.1,183.25K,-0.003
16092021,1756.7,1795.5,1797.3,1745.5,255.27K,-0.0212
15092021,1794.8,1806.6,1808.5,1791.7,139.30K,-0.0068
14092021,1807.1,1794.8,1810.6,1780.6,197.95K,0.0071
13092021,1794.4,1789.8,1800.2,1784.4,114.31K,0.0013
10092021,1792.1,1796.2,1806,1788.2,136.25K,-0.0044
9092021,1800,1790.9,1803.4,1785.1,154.13K,0.0036
8092021,1793.5,1796.1,1804.4,1783.1,161.26K,-0.0022
7092021,1797.4,1824,1824.4,1792.8,0.02K,-0.0006
6092021,1798.5,1833.5,1833.5,1793.7,252.48K,-0.0192
3092021,1833.7,1811.5,1836.9,1810.9,184.98K,0.0123
2092021,1811.5,1816.2,1819.6,1806.5,113.03K,-0.0025
1092021,1816,1816.7,1822.7,1810.6,140.12K,-0.0012
31082021,1818.1,1812.2,1821.9,1803.4,170.39K,0.0033
30082021,1812.2,1821.6,1826.5,1810,104.88K,-0.004
27082021,1819.5,1795.2,1821.9,1785.2,203.64K,0.0135
26082021,1795.2,1793,1800.4,1781.3,134.53K,0.0023
25082021,1791,1805.1,1805.3,1784,163.46K,-0.0097
24082021,1808.5,1807.6,1812.2,1802.6,114.79K,0.0012
23082021,1806.3,1781.2,1809.1,1778,156.32K,0.0125
20082021,1784,1782.8,1791,1780,107.97K,0.0005
19082021,1783.1,1789.5,1795,1774.6,151.25K,-0.0007
18082021,1784.4,1787.8,1795.7,1778.8,132.73K,-0.0019
17082021,1787.8,1789.1,1797.6,1782.1,144.82K,-0.0011
16082021,1789.8,1780.7,1791.3,1772,137.70K,0.0065
13082021,1778.2,1754.4,1781.9,1753,144.81K,0.0151
12082021,1751.8,1752.9,1759.6,1742.6,137.12K,-0.0009
11082021,1753.3,1730.4,1756.7,1724.6,185.44K,0.0125
10082021,1731.7,1732,1739.4,1718.5,182.56K,0.003
9082021,1726.5,1765,1765.7,1677.9,289.54K,-0.0208
6082021,1763.1,1806.7,1807,1759.5,323.15K,-0.0253
5082021,1808.9,1814.9,1817.9,1799.7,169.84K,-0.0031
4082021,1814.5,1813.7,1835.9,1808.3,244.68K,0.0002
3082021,1814.1,1816.8,1818.2,1809.5,103.45K,-0.0044
2082021,1822.2,1817,1823.2,1808.2,159.76K,0.0028
30072021,1817.2,1832.5,1835.5,1813.1,157.14K,-0.0101
29072021,1835.8,1811.5,1837.5,1810.9,212.07K,0.0201
28072021,1799.7,1798.6,1809,1790.7,209.78K,-0.0001
27072021,1799.8,1797.1,1805.4,1792.8,177.04K,0.0003
26072021,1799.2,1802.3,1812,1796,204.55K,-0.0014
23072021,1801.8,1807.7,1810.7,1789.1,236.76K,-0.002
22072021,1805.4,1803.9,1808.4,1791.9,193.32K,0.0011
21072021,1803.4,1810.6,1814.4,1794.3,218.64K,-0.0044
20072021,1811.4,1813.5,1825.9,1805.2,221.14K,0.0012
19072021,1809.2,1811.6,1818,1795,249.68K,-0.0032
16072021,1815,1830.7,1832.7,1809.5,184.66K,-0.0077
15072021,1829,1828.7,1835,1820.6,175.61K,0.0022
14072021,1825,1808.3,1831.1,1804.9,229.88K,0.0083
13072021,1809.9,1806.7,1818,1798.7,242.18K,0.0022
12072021,1805.9,1808.5,1811,1791,201.42K,-0.0026
9072021,1810.6,1803.2,1813,1796.6,185.58K,0.0058
8072021,1800.2,1803.8,1819.5,1793.5,249.34K,-0.0011
7072021,1802.1,1797,1810.2,1794.1,171.08K,0.004
6072021,1795,1790.7,1814.8,1790.1,0.26K,0.0004
5072021,1794.2,1787.5,1815.7,1784.7,276.60K,0.0061
2072021,1783.3,1777.5,1795.9,1774.4,205.86K,0.0037
1072021,1776.8,1770.8,1783.4,1765.9,171.44K,0.0029
30062021,1771.6,1761.9,1774.7,1753.2,177.89K,0.0045
29062021,1763.6,1778.8,1779.2,1750.1,239.91K,-0.0096
28062021,1780.7,1782,1786.1,1770.4,160.79K,0.0016
25062021,1777.8,1775.7,1791,1773.6,161.20K,0.0006
24062021,1776.7,1778.2,1788.6,1772.7,152.23K,-0.0038
23062021,1783.4,1779.1,1795.6,1773.1,179.27K,0.0034
22062021,1777.4,1783.2,1790.1,1771.2,172.75K,-0.0031
21062021,1782.9,1764.3,1786.9,1764.1,195.52K,0.0079
18062021,1769,1773.9,1797.9,1761.2,264.61K,-0.0033
17062021,1774.8,1812.3,1826.4,1767.9,385.89K,-0.0465
16062021,1861.4,1861,1866,1804.4,234.10K,0.0027
15062021,1856.4,1867.8,1870.9,1853,155.34K,-0.0051
14062021,1865.9,1879.6,1879.7,1845.7,242.30K,-0.0073
11062021,1879.6,1901.9,1906.2,1876.1,220.46K,-0.0089
10062021,1896.4,1891.4,1903,1871.8,250.55K,0.0005
9062021,1895.5,1894.4,1901.7,1889.3,147.33K,0.0006
8062021,1894.4,1901.6,1906.9,1885.7,173.60K,-0.0023
7062021,1898.8,1894.3,1902.9,1883.7,146.02K,0.0036
4062021,1892,1872.7,1899,1855.6,228.83K,0.01
3062021,1873.3,1910.5,1912.3,1866.7,278.58K,-0.0192
2062021,1909.9,1903,1911.8,1896.4,166.04K,0.0026
1062021,1905,1906.8,1919.2,1894.5,290.65K,0
31052021,1905,1906.8,1919.2,1894.5,290.65K,-0.0002
28052021,1905.3,1899.8,1908.8,1884.3,198.14K,0.0051
27052021,1895.7,1896.8,1903.9,1888.2,35.79K,-0.0029
26052021,1901.2,1900,1913.3,1890.7,170.53K,0.0017
25052021,1898,1881.2,1901.2,1873.2,316.67K,0.0072
24052021,1884.5,1883.5,1887.9,1875.7,183.31K,0.0042
21052021,1876.7,1878.1,1890.3,1870.3,234.29K,-0.0028
20052021,1881.9,1869.9,1885.3,1864.2,223.57K,0.0002
19052021,1881.5,1870.2,1891.3,1852.2,398.21K,0.0072
18052021,1868,1867.3,1875.9,1863.5,229.02K,0.0002
17052021,1867.6,1845.9,1869.3,1841.1,267.71K,0.016
14052021,1838.1,1826.4,1847.1,1819,224.38K,0.0077
13052021,1824,1816.2,1829.1,1808.4,249.93K,0.0007
12052021,1822.8,1838.2,1844.7,1813,339.21K,-0.0072
11052021,1836.1,1836.2,1842.5,1817.8,311.10K,-0.0008
10052021,1837.6,1835.4,1846.3,1830.5,269.71K,0.0034
7052021,1831.3,1815.4,1844.6,1813.4,367.70K,0.0086
6052021,1815.7,1787,1818.6,1781.8,287.63K,0.0176
5052021,1784.3,1778.4,1788.1,1769.3,178.81K,0.0047
4052021,1776,1793.2,1799.5,1769.2,246.59K,-0.0088
3052021,1791.8,1768.1,1798.9,1765.6,204.54K,0.0136
30042021,1767.7,1772.4,1773.3,1763.3,167.29K,-0.0003
29042021,1768.3,1781.9,1789.9,1754.6,231.52K,-0.0032
28042021,1773.9,1776.4,1782.7,1761.8,198.58K,-0.0028
27042021,1778.8,1781.1,1785.9,1773.9,147.95K,-0.0007
26042021,1780.1,1776.1,1783.1,1768.2,143.36K,0.0013
23042021,1777.8,1784,1796.3,1769.5,175.85K,-0.0024
22042021,1782,1794.5,1798.1,1777.1,163.75K,-0.0062
21042021,1793.1,1779.1,1798.4,1776.6,173.97K,0.0083
20042021,1778.4,1770.5,1780.8,1763.5,169.04K,0.0044
19042021,1770.6,1778.8,1790.4,1766.6,180.73K,-0.0054
16042021,1780.2,1764.8,1784.7,1760.3,173.50K,0.0076
15042021,1766.8,1736.6,1770.6,1734.4,198.14K,0.0176
14042021,1736.3,1746.4,1750.7,1732.3,145.26K,-0.0065
13042021,1747.6,1732.2,1749.5,1723.2,175.59K,0.0086
12042021,1732.7,1744.5,1746.2,1727,125.36K,-0.0069
9042021,1744.8,1756.5,1758.2,1730.8,171.40K,-0.0076
8042021,1758.2,1738.6,1759.4,1733.6,144.57K,0.0095
7042021,1741.6,1744.4,1745.4,1731.2,122.80K,-0.0008
6042021,1743,1729.2,1746.7,1728.2,152.60K,0.0082
5042021,1728.8,1730,1734.4,1721.6,101.75K,0.0002
1042021,1728.4,1709,1732,1706.4,170.43K,0.0075
31032021,1715.6,1685.9,1716.3,1677.3,210.77K,0.0176
30032021,1686,1713,1714.8,1678.3,225.87K,-0.0153
29032021,1712.2,1731.5,1732.6,1703.3,135.46K,-0.0116
26032021,1732.3,1725.5,1735.5,1718.8,172.94K,0.0042
25032021,1725.1,1733.2,1744.8,1720.3,226.21K,-0.0047
24032021,1733.2,1725.9,1737.7,1722.3,186.52K,0.0047
23032021,1725.1,1738.5,1742,1722.7,226.20K,-0.0075
22032021,1738.1,1745.6,1747,1726.4,196.31K,-0.0021
19032021,1741.7,1733.7,1746.1,1727.1,213.28K,0.0053
18032021,1732.5,1744,1754.2,1716.6,251.76K,0.0031
17032021,1727.1,1730,1750.6,1722,220.55K,-0.0022
16032021,1730.9,1730.7,1740.5,1724.4,173.89K,0.001
15032021,1729.2,1726.5,1733.2,1719.2,163.05K,0.0055
12032021,1719.8,1720.5,1728,1696.6,232.21K,-0.0016
11032021,1722.6,1725,1738,1716.8,215.34K,0.0005
10032021,1721.8,1714.5,1725.3,1705.6,226.89K,0.0029
9032021,1716.9,1679.3,1718.7,1676.7,248.95K,0.0232
8032021,1678,1701.6,1712,1673.3,273.91K,-0.0121
5032021,1698.5,1695.3,1705.7,1683,269.33K,-0.0013
4032021,1700.7,1708.4,1721.6,1687.6,277.45K,-0.0088
3032021,1715.8,1736.5,1739.1,1699.4,255.65K,-0.0103
2032021,1733.6,1722.8,1737.8,1704.6,235.96K,0.0062
1032021,1723,1732.8,1757.4,1717.2,241.92K,-0.0034
26022021,1728.8,1770.9,1773.8,1714.9,362.55K,-0.0262
25022021,1775.4,1804.9,1805,1763.9,316.25K,-0.0125
24022021,1797.9,1805,1813,1782.2,224.06K,-0.0044
23022021,1805.9,1809.3,1815.2,1794.5,191.15K,-0.0014
22022021,1808.4,1782,1812.4,1778.6,221.20K,0.0174
19022021,1777.4,1774.6,1790.9,1759,251.78K,0.0014
18022021,1775,1776,1788.8,1766.6,224.77K,0.0012
17022021,1772.8,1793.1,1794.2,1767.9,257.34K,-0.0146
16022021,1799,1826,1827.1,1788.1,355.92K,0
15022021,1799,1826,1827.1,1788.1,355.92K,-0.0133
12022021,1823.2,1825.4,1831.5,1810.1,171.90K,-0.002
11022021,1826.8,1844.3,1848.6,1821.7,147.02K,-0.0086
10022021,1842.7,1838.3,1856.6,1834,176.44K,0.0028
9022021,1837.5,1832.4,1849.5,1830.3,154.39K,0.0018
8022021,1834.2,1818.1,1840.6,1807.3,177.56K,0.0117
5022021,1813,1794.3,1816,1792.2,205.76K,0.0122
4022021,1791.2,1834.5,1835.7,1784.6,279.62K,-0.0239
3022021,1835.1,1838.5,1845.9,1830.1,137.23K,0.0009
2022021,1833.4,1863.6,1866.3,1830.4,236.00K,-0.0164
1022021,1863.9,1865,1876,1851.7,242.05K,0.0074
29012021,1850.3,1845.6,1878.9,1841.2,276.17K,0.0049
28012021,1841.2,1847.2,1867,1835.6,277.59K,-0.002
27012021,1844.9,1849.7,1851.5,1828.4,195.54K,-0.0032
26012021,1850.9,1854.9,1860.8,1847.2,170.26K,-0.0023
25012021,1855.2,1855.3,1867.4,1846.2,211.98K,-0.0005
22012021,1856.2,1870.1,1870.8,1836.3,249.72K,-0.0052
21012021,1865.9,1871,1874.6,1857.5,196.94K,-0.0003
20012021,1866.5,1839.9,1872,1831.1,274.40K,0.0133
19012021,1842,1830.6,1846,1804.2,0.40K,0.001
18012021,1840.2,1828.8,1845,1800.8,331.59K,0.0056
15012021,1829.9,1847.3,1856.6,1822.1,231.11K,-0.0116
14012021,1851.4,1845.6,1857.6,1826.6,257.66K,-0.0019
13012021,1854.9,1855,1863,1841.6,225.99K,0.0058
12012021,1844.2,1845.4,1864,1835.8,240.66K,-0.0036
11012021,1850.8,1849.4,1856,1817.1,268.36K,0.0084
8012021,1835.4,1915.2,1918.4,1827.8,443.51K,-0.0409
7012021,1913.6,1921.5,1929.6,1907.5,199.98K,0.0026
6012021,1908.6,1952.8,1962.5,1902.6,366.61K,-0.0234
5012021,1954.4,1946,1957,1938.4,201.95K,0.004
4012021,1946.6,1908.2,1948.7,1906.1,273.37K,0.0272
31122020,1895.1,1899,1904.9,1889.1,130.63K,0.0009
30122020,1893.4,1881.8,1899,1879.5,133.66K,0.0056
29122020,1882.9,1878,1891.3,1875.6,149.27K,0.0013
28122020,1880.4,1887,1904.1,1873,196.76K,-0.0015
24122020,1883.2,1877.3,1887.4,1873.1,89.41K,0.0027
23122020,1878.1,1865.6,1883.7,1860.9,162.54K,0.0042
22122020,1870.3,1883,1889.4,1863.7,176.02K,-0.0066
21122020,1882.8,1892.9,1912,1859,232.05K,-0.0032
18122020,1888.9,1891.3,1895.7,1881.9,153.23K,-0.0008
17122020,1890.4,1868.4,1902,1865.9,219.87K,0.0168
16122020,1859.1,1857.7,1870,1848.2,199.68K,0.002
15122020,1855.3,1830.5,1859.3,1828.5,173.61K,0.0127
14122020,1832.1,1845,1845.6,1820,168.49K,-0.0062
11122020,1843.6,1840,1851.8,1826.8,153.80K,0.0034
10122020,1837.4,1843,1854.2,1831.5,164.80K,-0.0006
9122020,1838.5,1875.4,1875.9,1828.2,219.59K,-0.0194
8122020,1874.9,1866.1,1879.8,1863.9,151.79K,0.0048
7122020,1866,1841.1,1873,1824.8,209.04K,0.0141
4122020,1840,1844.7,1852.7,1832,171.26K,-0.0006
3122020,1841.1,1833.9,1847.4,1826.7,180.36K,0.006
2122020,1830.2,1819.1,1835.7,1810.5,185.32K,0.0062
1122020,1818.9,1780.3,1821.1,1778.4,203.65K,0.0213
30112020,1780.9,1790.8,1793.3,1767.2,242.73K,-0.004
27112020,1788.1,1812.1,1822.6,1776.5,282.35K,0
26112020,1788.1,1812.1,1822.6,1776.5,282.35K,-0.0096
25112020,1805.5,1805.2,1816.3,1798.6,205.75K,0.0005
24112020,1804.6,1835.7,1836.9,1797.1,367.88K,-0.0181
23112020,1837.8,1869.8,1875,1828,319.66K,-0.0185
20112020,1872.4,1864.8,1879.2,1859.1,186.17K,0.0059
19112020,1861.5,1872,1872.6,1850,222.35K,-0.0066
18112020,1873.9,1879.5,1884.2,1860.3,209.00K,-0.0059
17112020,1885.1,1888.2,1892.7,1876.3,160.88K,-0.0014
16112020,1887.8,1886.6,1898,1861.5,222.94K,0.0008
13112020,1886.2,1875.6,1895.8,1872.1,162.54K,0.0069
12112020,1873.3,1863.9,1883,1860.7,209.93K,0.0063
11112020,1861.6,1876.1,1882.5,1853.9,215.17K,-0.0079
10112020,1876.4,1864.1,1888.9,1858.9,264.87K,0.0119
9112020,1854.4,1956,1966.1,1848,496.09K,-0.0499
6112020,1951.7,1950,1961.8,1937.2,246.78K,0.0025
5112020,1946.8,1903.4,1954.3,1902.2,297.51K,0.0267
4112020,1896.2,1910.3,1917.9,1881.8,293.95K,-0.0074
3112020,1910.4,1896.4,1912.2,1887.6,171.37K,0.0095
2112020,1892.5,1877,1897.1,1873.3,164.94K,0.0067
30102020,1879.9,1867.9,1890.9,1863.3,213.17K,0.0064
29102020,1868,1877.5,1885.1,1859.2,225.16K,-0.006
28102020,1879.2,1909.8,1912.6,1869.1,297.09K,-0.0171
27102020,1911.9,1904.4,1913.8,1898.7,153.30K,0.0033
26102020,1905.7,1906,1911.1,1892.5,166.31K,0.0003
23102020,1905.2,1906.5,1917.3,1895.2,172.96K,0.0003
22102020,1904.6,1927.4,1929.4,1894.2,215.58K,-0.0129
21102020,1929.5,1911.6,1936,1911.6,201.27K,0.0074
20102020,1915.4,1906.4,1917.6,1896.6,163.91K,0.0019
19102020,1911.7,1903.2,1923.4,1900.2,159.85K,0.0028
16102020,1906.4,1912.7,1918.7,1901.1,146.91K,-0.0013
15102020,1908.9,1906,1913.2,1892.7,213.57K,0.0008
14102020,1907.3,1895.4,1917.5,1885,188.30K,0.0067
13102020,1894.6,1927.3,1930.6,1889.3,267.54K,-0.0178
12102020,1928.9,1935,1939.4,1923.8,157.21K,0.0014
9102020,1926.2,1898.4,1936.8,1898,229.85K,0.0164
8102020,1895.1,1890.6,1905.3,1885.3,185.45K,0.0023
7102020,1890.8,1882.6,1902.4,1877.1,188.59K,-0.0094
6102020,1908.8,1917.8,1927,1878.2,219.44K,-0.0059
5102020,1920.1,1910.9,1924.9,1891.2,177.59K,0.0066
2102020,1907.6,1911,1923.6,1895.2,212.73K,-0.0045
1102020,1916.3,1891.2,1917.9,1890,262.09K,0.011
30092020,1895.5,1903.2,1908.2,1885.8,259.87K,-0.004
29092020,1903.2,1886.4,1904.8,1880.8,217.80K,0.0111
28092020,1882.3,1862.7,1888.2,1851.1,235.92K,0.0086
25092020,1866.3,1872.7,1879.3,1854.1,230.86K,-0.0056
24092020,1876.9,1866.9,1880.9,1851,345.04K,0.0045
23092020,1868.4,1905.1,1909.9,1856,411.56K,-0.0205
22092020,1907.6,1918.1,1925.5,1898.9,282.71K,-0.0016
21092020,1910.6,1957.3,1962.9,1885.4,386.67K,-0.0262
18092020,1962.1,1951.1,1968.2,1951.1,176.07K,0.0063
17092020,1949.9,1967.6,1969.3,1938.2,273.14K,-0.0105
16092020,1970.5,1961.4,1983.8,1957.2,298.39K,0.0022
15092020,1966.2,1966.2,1982.4,1955.6,239.54K,0.0013
14092020,1963.7,1948.9,1972.5,1945.2,200.09K,0.0081
11092020,1947.9,1953.8,1963.4,1944,205.23K,-0.0083
10092020,1964.3,1955.3,1975.2,1948.6,271.48K,0.0048
9092020,1954.9,1939.4,1959.7,1926.3,227.18K,0.0079
8092020,1939.5,1937.4,1937.4,1909,0.04K,-0.0019
7092020,1943.2,1938,1948.3,1911.7,416.01K,0.0046
4092020,1934.3,1938,1956.6,1921.6,304.74K,-0.0018
3092020,1937.8,1948.9,1956.6,1927.2,303.03K,-0.0035
2092020,1944.7,1976.8,1980.4,1938.9,332.59K,-0.0173
1092020,1978.9,1973.7,2001.2,1969.2,304.89K,0.0002
31082020,1978.6,1973.9,1985.8,1962.3,245.11K,0.0019
28082020,1974.9,1937.5,1983,1928.2,334.10K,0.0219
27082020,1932.6,1963,1987,1914.7,467.17K,-0.0102
26082020,1952.5,1939,1963.4,1908.4,342.21K,0.0153
25082020,1923.1,1935.9,1944.1,1919.1,274.11K,-0.0083
24082020,1939.2,1947.9,1970.3,1930.8,286.26K,-0.004
21082020,1947,1955.6,1963.1,1916.6,355.07K,0.0003
20082020,1946.5,1934.4,1963.1,1928.9,383.34K,-0.0121
19082020,1970.3,2010.5,2015.6,1930.5,443.26K,-0.0213
18082020,2013.1,1993.6,2024.6,1985.2,361.48K,0.0072
17082020,1998.7,1956.4,2000.8,1939.1,289.44K,0.0251
14082020,1949.8,1963.8,1970,1939.1,241.80K,-0.0105
13082020,1970.4,1927.3,1974.8,1923,349.89K,0.011
12082020,1949,1921.6,1961,1874.2,459.84K,0.0014
11082020,1946.3,2038.4,2040.5,1911.3,565.00K,-0.0458
10082020,2039.7,2044.8,2060.8,2027.8,251.31K,0.0058
7082020,2028,2076.4,2089.2,2024.8,398.13K,-0.02
6082020,2069.4,2055,2081.8,2049,312.76K,0.0098
5082020,2049.3,2037,2070.3,2027.5,366.38K,0.014
4082020,2021,1993.5,2037.7,1982.6,274.42K,0.0175
3082020,1986.3,1997.4,2009.5,1975.2,178.75K,0.0002
31072020,1985.9,1973.6,2005.4,1971.4,279.32K,0.0097
30072020,1966.8,1986.4,1987.3,1952.3,271.38K,0.0069
29072020,1953.4,1950.6,1974.9,1935.2,209.84K,0.0045
28072020,1944.6,1937.1,1974.7,1900.2,434.45K,0.007
27072020,1931,1901.2,1941.9,1899,428.23K,0.0177
24072020,1897.5,1884.9,1904.6,1880.5,300.17K,0.004
23072020,1890,1871.6,1897.7,1863.1,418.75K,0.0134
22072020,1865.1,1842.8,1871.8,1842.1,382.23K,0.0115
21072020,1843.9,1819.6,1844.9,1817.2,271.09K,0.0146
20072020,1817.4,1812.3,1823.4,1806.6,177.74K,0.0041
17072020,1810,1796.9,1813.9,1795.2,167.01K,0.0054
16072020,1800.3,1813.1,1816.2,1794.1,196.57K,-0.0074
15072020,1813.8,1811.1,1819.5,1804,183.06K,0.0002
14072020,1813.4,1805.2,1815,1791.1,253.21K,-0.0004
13072020,1814.1,1803.4,1818.8,1802.1,230.40K,0.0068
10072020,1801.9,1808.4,1817,1796.5,223.83K,-0.0011
9072020,1803.8,1818.8,1825.5,1799.6,283.37K,-0.0092
8072020,1820.6,1807.9,1829.8,1803.8,247.50K,0.0059
7072020,1809.9,1793.9,1810.8,1781.2,221.73K,0.0061
6072020,1799,1793.7,1801.6,1788.6,0.11K,0.0031
3072020,1793.5,1787.9,1799,1779.2,184.65K,0.002
2072020,1790,1779,1791.7,1766.3,186.31K,0.0057
1072020,1779.9,1798.9,1807.7,1767.9,263.25K,-0.0114
30062020,1800.5,1784.2,1804,1774.8,199.42K,0.0108
29062020,1781.2,1789.2,1790.4,1776.5,130.51K,0.0005
26062020,1780.3,1774.8,1786.2,1754,201.23K,0.0055
25062020,1770.6,1772.3,1779.6,1764.1,152.20K,-0.0025
24062020,1775.1,1784.4,1796.1,1770.6,239.53K,-0.0039
23062020,1782,1764.9,1786.8,1758.3,194.68K,0.0088
22062020,1766.4,1765.8,1779,1753.5,228.68K,0.0076
19062020,1753,1729.8,1760.9,1728.3,181.15K,0.0127
18062020,1731.1,1735.5,1749.2,1722.7,155.91K,-0.0026
17062020,1735.6,1735.3,1739.3,1717.3,140.07K,-0.0005
16062020,1736.5,1732.3,1741.3,1721.8,182.42K,0.0054
15062020,1727.2,1740.7,1743.8,1706.2,200.23K,-0.0058
12062020,1737.3,1733.6,1753,1728.2,151.40K,-0.0014
11062020,1739.8,1746.6,1754.9,1727.5,205.35K,0.0111
10062020,1720.7,1718.9,1749.4,1714.1,198.76K,-0.0007
9062020,1721.9,1703.9,1729.4,1697.6,182.91K,0.0099
8062020,1705.1,1686.7,1707.6,1680.7,154.77K,0.0131
5062020,1683,1720.8,1723.2,1671.7,273.68K,-0.0257
4062020,1727.4,1702.8,1729,1698.9,198.72K,0.0133
3062020,1704.8,1733.7,1738.9,1690.3,256.52K,-0.0168
2062020,1734,1750.3,1757,1728,175.35K,-0.0093
1062020,1750.3,1749.8,1761,1737.6,146.13K,-0.0008
29052020,1751.7,1732.7,1754.5,1725.3,150.11K,0.0135
28052020,1728.3,1725,1743.7,1720,164.82K,0.0103
27052020,1710.7,1703.1,1713.2,1684.2,137.42K,-0.0038
26052020,1717.3,1739.8,1745.6,1711.3,3.44K,0.0069
25052020,1705.6,1734.8,1737.2,1700,313.17K,-0.0172
22052020,1735.5,1726,1742,1722.5,196.82K,0.0079
21052020,1721.9,1751.7,1751.7,1715.3,238.74K,-0.0172
20052020,1752.1,1749.2,1757.6,1744,184.46K,0.0037
19052020,1745.6,1734.8,1751.6,1727.2,185.26K,0.0065
18052020,1734.4,1757.5,1775.8,1729.3,271.47K,-0.0125
15052020,1756.3,1738.5,1761.2,1736.8,200.18K,0.0088
14052020,1740.9,1723.1,1746.5,1716,212.91K,0.0143
13052020,1716.4,1705,1726.5,1701.6,211.61K,0.0056
12052020,1706.8,1700,1716.7,1693.5,198.07K,0.0052
11052020,1698,1706,1713.8,1692.1,202.17K,-0.0093
8052020,1713.9,1727.2,1735.5,1703.1,232.81K,-0.0069
7052020,1725.8,1686,1733.2,1683.9,250.70K,0.0221
6052020,1688.5,1714.1,1716.6,1683,203.37K,-0.0129
5052020,1710.6,1711,1717.8,1695.4,184.73K,-0.0016
4052020,1713.3,1711.2,1726,1700.3,148.73K,0.0073
1052020,1700.9,1693.5,1714.4,1676,168.02K,0.004
30042020,1694.2,1729.6,1737,1687.5,234.53K,-0.0112
29042020,1713.4,1724.8,1733.5,1708.2,159.60K,-0.0051
28042020,1722.2,1724.4,1731.9,1704.1,171.34K,-0.0009
27042020,1723.8,1745,1745.8,1720,146.64K,-0.0068
24042020,1735.6,1753,1760.2,1725.4,180.24K,-0.0056
23042020,1745.4,1736.5,1764.2,1730.6,201.88K,0.0041
22042020,1738.3,1703.1,1742.4,1695.4,193.73K,0.0299
21042020,1687.8,1713.3,1718,1666.2,248.63K,-0.0137
20042020,1711.2,1693,1718.4,1685,186.91K,0.0073
17042020,1698.8,1738.5,1738.8,1691.2,227.07K,-0.019
16042020,1731.7,1743.5,1768,1722.6,204.23K,-0.0049
15042020,1740.2,1758.1,1759.8,1731.6,186.70K,-0.0162
14042020,1768.9,1761.5,1788.8,1747.1,241.19K,0.0043
13042020,1761.4,1742.3,1772.8,1724.2,166.89K,0.0049
9042020,1752.8,1680.5,1754.5,1676.5,218.80K,0.0407
8042020,1684.3,1678.7,1695.8,1670.7,125.33K,0.0004
7042020,1683.7,1707.1,1742.6,1672,204.50K,-0.006
6042020,1693.9,1647.7,1715.8,1638.2,192.75K,0.0293
3042020,1645.7,1635.3,1652.8,1624.4,139.61K,0.0049
2042020,1637.7,1602.4,1645.6,1595.2,167.71K,0.0291
1042020,1591.4,1589.4,1612.4,1576,164.48K,-0.0033
31032020,1596.6,1643.4,1645.6,1588.2,176.55K,-0.0284
30032020,1643.2,1663.4,1673.6,1632,157.37K,-0.0066
27032020,1654.1,1653.4,1661,1630.7,159.26K,0.0018
26032020,1651.2,1642.5,1672.5,1611,215.97K,0.0109
25032020,1633.4,1666.2,1699.3,1615.2,254.19K,-0.0165
24032020,1660.8,1563.8,1698,1560.5,418.78K,0.0595
23032020,1567.6,1505,1569.3,1484.6,362.07K,0.0559
20032020,1484.6,1471.6,1519.4,1457.5,269.97K,0.0036
19032020,1479.3,1487.2,1502.8,1460.1,325.29K,0.0009
18032020,1477.9,1527.6,1547,1473.3,435.19K,-0.0314
17032020,1525.8,1512.8,1554.3,1465.6,434.51K,0.0264
16032020,1486.5,1563.8,1574.8,1450.9,565.98K,-0.0199
13032020,1516.7,1582.7,1597.9,1504,551.05K,-0.0463
12032020,1590.3,1633.1,1651,1560.4,605.72K,-0.0317
11032020,1642.3,1649.3,1671.8,1632.4,404.35K,-0.0108
10032020,1660.3,1679.6,1681.3,1641.1,385.48K,-0.0092
9032020,1675.7,1692.6,1704.3,1658,504.16K,0.002
6032020,1672.4,1673.1,1692.8,1642.4,659.63K,0.0026
5032020,1668,1638.2,1675.5,1635.6,363.00K,0.0152
4032020,1643,1640.1,1654.3,1632.6,313.34K,-0.0009
3032020,1644.4,1586,1650.5,1585.9,466.53K,0.0311
2032020,1594.8,1592.8,1612.1,1576.3,443.53K,0.0179
28022020,1566.7,1646.1,1651,1564,745.84K,-0.0461
27022020,1642.5,1643,1662.5,1636.7,573.29K,-0.0004
26022020,1643.1,1637.3,1657.1,1626.6,531.90K,-0.0042
25022020,1650,1661.8,1666.7,1627,672.76K,-0.0159
24022020,1676.6,1656,1691.7,1652.8,680.82K,0.0169
21022020,1648.8,1623.6,1652.1,1621.6,489.19K,0.0175
20022020,1620.5,1615,1626.5,1606.6,403.04K,0.0054
19022020,1611.8,1604.8,1615.9,1602.4,307.89K,0.0051
18022020,1603.6,1585.1,1608.2,1581.8,414.24K,0
17022020,1603.6,1585.1,1608.2,1581.8,414.24K,0.0108
14022020,1586.4,1579,1588.2,1576,227.11K,0.0048
13022020,1578.8,1569.8,1581.7,1568.5,276.25K,0.0046
12022020,1571.6,1571.2,1573.6,1564.4,189.55K,0.001
11022020,1570.1,1575.5,1577.5,1565.2,231.83K,-0.006
10022020,1579.5,1575.8,1580.5,1571.5,191.75K,0.0039
7022020,1573.4,1570.7,1577.8,1563.5,286.42K,0.0022
6022020,1570,1560,1571.9,1556,229.00K,0.0046
5022020,1562.8,1556.1,1566.2,1551.1,306.05K,0.0047
4022020,1555.5,1581.5,1584.5,1552.8,349.00K,-0.017
3022020,1582.4,1597.8,1598.5,1573.2,320.60K,-0.0035
31012020,1587.9,1578.4,1595.5,1575,343.37K,-0.0008
30012020,1589.2,1582.4,1590.7,1576.8,382.60K,0.012
29012020,1570.4,1566.3,1577.7,1562,251.27K,0.0004
28012020,1569.8,1580.6,1582.2,1564.6,378.01K,-0.0048
27012020,1577.4,1580.5,1588.4,1575.3,398.06K,0.0035
24012020,1571.9,1562.9,1575.5,1555.8,427.14K,0.0042
23012020,1565.4,1558.9,1567.5,1551.3,361.03K,0.0056
22012020,1556.7,1558.9,1559.8,1550,286.08K,-0.0026
21012020,1560.8,1567,1571.4,1549.2,2.22K,0.0019
20012020,1557.9,1557.3,1568.8,1546,462.62K,-0.0015
17012020,1560.3,1553,1561.4,1549.3,264.93K,0.0063
16012020,1550.5,1556.6,1558.2,1548,260.05K,-0.0023
15012020,1554,1546.8,1558.8,1546.5,310.07K,0.0061
14012020,1544.6,1548.6,1549.5,1536.4,340.91K,-0.0039
13012020,1550.6,1563,1563.1,1547,311.73K,-0.0061
10012020,1560.1,1553.4,1564.1,1546.7,344.34K,0.0037
9012020,1554.3,1557.7,1562.4,1541,372.88K,-0.0038
8012020,1560.2,1578.8,1613.3,1553.4,813.41K,-0.009
7012020,1574.3,1567.4,1579.2,1557,435.87K,0.0035
6012020,1568.8,1562.7,1590.9,1562.3,558.97K,0.0106
3012020,1552.4,1531.7,1556.6,1530.4,436.74K,0.0159
2012020,1528.1,1521,1534,1519.7,270.55K,0.0033
